,round,venue,date,day,time,crowd,hteam,hteam_q1,hteam_q2,hteam_q3,hteam_q4,ateam,ateam_q1,ateam_q2,ateam_q3,ateam_q4,umpire1,umpire2,umpire3,umpire1games,umpire2games,umpire3games,hteam_et,ateam_et,season
0,15,M.C.G.,2-Jul-2017,Sun,3:20,56593,Hawthorn,6.2.38,9.3.57,12.6.78,18.10.118,Collingwood,3.2.20,8.3.51,12.8.80,14.10.94,Rob OGorman , Mathew Nicholls , Rob Findlay ,59,297,181,,,2017
1,4,Docklands,14-Apr-2017,Fri,4:20,42814,North Melbourne,2.4.16,4.7.31,8.11.59,12.14.86,Western Bulldogs,2.2.14,2.8.20,7.15.57,12.17.89,Rob Findlay , Simon Meredith , Nathan Williamson ,169,292,4,,,2017
2,5,Docklands,23-Apr-2017,Sun,3:20,33884,St Kilda,4.1.25,8.5.53,12.7.79,13.10.88,Geelong,6.1.37,8.3.51,11.8.74,19.12.126,Jeff Dalgleish , Ben Ryan , Scott Jeffery ,146,106,314,,,2017
3,6,Subiaco,29-Apr-2017,Sat,6:10,40836,West Coast,7.2.44,10.5.65,13.6.84,16.7.103,Fremantle,1.2.8,3.2.20,6.4.40,9.8.62,Leigh Fisher , Dean Margetts , Jeff Dalgleish ,79,283,147,,,2017
4,23,M.C.G.,26-Aug-2017,Sat,1:45,51223,Collingwood,6.5.41,9.6.60,12.10.82,14.15.99,Melbourne,1.3.9,4.8.32,9.10.64,12.11.83,Brett Rosebury , Curtis Deboy , Troy Pannell ,369,53,205,,,2017
5,22,Eureka Stadium,19-Aug-2017,Sat,1:45,10087,Western Bulldogs,3.3.21,6.5.41,9.11.65,11.13.79,Port Adelaide,2.2.14,5.5.35,8.10.58,14.12.96,Ray Chamberlain , Simon Meredith , Andrew Mitchell ,262,310,103,,,2017
6,17,Subiaco,16-Jul-2017,Sun,2:40,38722,Fremantle,0.3.3,2.8.20,3.13.31,5.14.44,West Coast,4.1.25,5.4.34,9.6.60,11.8.74,Matt Stevic , Sam Hay , Rob Findlay ,321,155,183,,,2017
7,19,Subiaco,30-Jul-2017,Sun,2:40,32652,West Coast,4.1.25,9.4.58,12.7.79,17.11.113,Brisbane Lions,3.2.20,3.5.23,5.8.38,6.9.45,Jeff Dalgleish , Rob OGorman , Curtis Deboy ,161,63,49,,,2017
8,5,Subiaco,22-Apr-2017,Sat,5:40,33319,Fremantle,2.3.15,2.6.18,4.10.34,9.13.67,North Melbourne,2.3.15,6.5.41,7.7.49,9.8.62,Shane McInerney , Jacob Mollison , David Harris ,445,172,75,,,2017
9,12,M.C.G.,10-Jun-2017,Sat,1:45,27392,Hawthorn,2.3.15,4.4.28,7.6.48,12.7.79,Gold Coast,3.4.22,6.7.43,11.14.80,13.17.95,Leigh Fisher , Curtis Deboy , Ray Chamberlain ,85,42,253,,,2017
10,17,Carrara,15-Jul-2017,Sat,4:35,17275,Gold Coast,2.1.13,7.5.47,10.8.68,13.10.88,Collingwood,5.4.34,7.5.47,10.9.69,15.13.103,Leigh Haussen , Nathan Williamson , Jacob Mollison ,9,16,185,,,2017
11,9,Kardinia Park,19-May-2017,Fri,7:50,30275,Geelong,3.0.18,8.5.53,9.5.59,16.8.104,Western Bulldogs,4.3.27,4.3.27,10.8.68,12.9.81,Nathan Williamson , Scott Jeffery , Shane McInerney ,9,318,449,,,2017
12,21,Adelaide Oval,13-Aug-2017,Sun,4:10,37533,Port Adelaide,2.4.16,7.8.50,10.11.71,14.14.98,Collingwood,1.3.9,4.4.28,8.8.56,10.11.71,Leigh Fisher , Brett Rosebury , Curtis Deboy ,94,367,51,,,2017
13,6,Gabba,29-Apr-2017,Sat,4:35,13638,Brisbane Lions,2.2.14,3.4.22,7.5.47,10.7.67,Port Adelaide,7.4.46,11.11.77,18.14.122,22.18.150,Chris Kamolins , Ben Ryan , Andrew Mitchell ,195,107,90,,,2017
14,Preliminary,Adelaide Oval,22-Sep-2017,Fri,7:20,53817,Adelaide,6.3.39,11.7.73,14.10.94,21.10.136,Geelong,1.2.8,5.8.38,8.11.59,10.15.75,Brett Rosebury , Matt Stevic , Justin Schmitt ,372,330,349,,,2017
15,8,Adelaide Oval,13-May-2017,Sat,7:10,47882,Adelaide,1.4.10,6.7.43,7.8.50,9.12.66,Melbourne,2.2.14,5.3.33,12.5.77,17.5.107,Craig Fleer , Shaun Ryan , Chris Kamolins ,65,266,197,,,2017
16,6,York Park,29-Apr-2017,Sat,1:45,15571,Hawthorn,2.1.13,3.4.22,4.5.29,8.7.55,St Kilda,3.5.23,6.8.44,14.13.97,19.16.130,Nick Foot , Matt Stevic , Justin Schmitt ,85,311,331,,,2017
17,23,S.C.G.,26-Aug-2017,Sat,4:35,38965,Sydney,3.4.22,6.7.43,13.10.88,21.12.138,Carlton,1.0.6,5.1.31,8.4.52,8.9.57,Hayden Gavine , Ray Chamberlain , Andrew Mitchell ,10,263,104,,,2017
18,3,M.C.G.,8-Apr-2017,Sat,2:10,42523,Richmond,2.2.14,5.6.36,9.8.62,11.10.76,West Coast,2.6.18,5.13.43,7.14.56,8.17.65,Ray Chamberlain , Andrew Stephens , Brett Rosebury ,246,54,350,,,2017
19,17,Docklands,16-Jul-2017,Sun,1:10,28188,Richmond,4.4.28,5.8.38,9.13.67,16.16.112,Brisbane Lions,1.3.9,4.6.30,6.8.44,12.9.81,Leigh Fisher , Curtis Deboy , Brendan Hosking ,90,47,102,,,2017
20,14,M.C.G.,24-Jun-2017,Sat,1:45,35933,Collingwood,1.0.6,4.3.27,6.7.43,9.8.62,Port Adelaide,4.3.27,6.8.44,11.11.77,13.15.93,Jeff Dalgleish , Troy Pannell , Ben Ryan ,156,196,114,,,2017
21,7,Docklands,5-May-2017,Fri,7:50,21160,St Kilda,2.4.16,6.7.43,10.9.69,16.12.108,Greater Western Sydney,4.2.26,7.6.48,11.10.76,12.13.85,Brett Rosebury , Andrew Stephens , Brendan Hosking ,354,58,92,,,2017
22,21,York Park,13-Aug-2017,Sun,3:20,14509,Hawthorn,5.3.33,10.5.65,15.5.95,18.8.116,North Melbourne,3.1.19,5.2.32,12.4.76,14.5.89,Sam Hay , Rob Findlay , Eleni Glouftsis ,158,187,5,,,2017
23,Grand,M.C.G.,30-Sep-2017,Sat,2:30,100021,Richmond,2.3.15,6.4.40,11.8.74,16.12.108,Adelaide,4.2.26,4.7.31,5.10.40,8.12.60,Matt Stevic , Simon Meredith , Shaun Ryan ,331,315,281,,,2017
24,13,M.C.G.,17-Jun-2017,Sat,1:45,58721,Richmond,5.3.33,7.6.48,9.7.61,10.11.71,Sydney,0.4.4,3.5.23,7.6.48,12.8.80,Rob OGorman , Mathew Nicholls , Nathan Williamson ,57,295,12,,,2017
25,15,Docklands,1-Jul-2017,Sat,1:45,29671,Western Bulldogs,3.2.20,4.5.29,7.9.51,11.14.80,West Coast,4.6.30,6.9.45,11.13.79,12.15.87,Brett Rosebury , Andrew Stephens , Andrew Mitchell ,363,65,96,,,2017
26,2,Docklands,2-Apr-2017,Sun,1:10,30917,Geelong,2.1.13,7.6.48,12.7.79,17.10.112,North Melbourne,6.2.38,8.6.54,16.8.104,17.9.111,Troy Pannell , Sam Hay , Matt Stevic ,189,140,307,,,2017
27,10,Docklands,27-May-2017,Sat,1:45,34685,Western Bulldogs,2.2.14,5.6.36,10.9.69,13.12.90,St Kilda,2.1.13,3.2.20,5.5.35,7.8.50,Sam Hay , Simon Meredith , Rob Findlay ,148,298,175,,,2017
28,20,Docklands,5-Aug-2017,Sat,7:25,33394,North Melbourne,1.5.11,1.9.15,4.11.35,7.15.57,Collingwood,2.7.19,5.11.41,11.12.78,16.15.111,Curtis Deboy , Hayden Gavine , Troy Pannell ,50,7,202,,,2017
29,1,Carrara,25-Mar-2017,Sat,7:05,12710,Gold Coast,2.2.14,3.5.23,11.6.72,14.12.96,Brisbane Lions,7.3.45,11.3.69,14.5.89,15.8.98,David Harris , Rob OGorman , Chris Donlon ,71,47,245,,,2017
30,3,S.C.G.,7-Apr-2017,Fri,7:50,35310,Sydney,1.1.7,5.7.37,7.11.53,11.13.79,Collingwood,4.4.28,7.4.46,9.8.62,11.14.80,Sam Hay , Mathew Nicholls , Matt Stevic ,141,284,308,,,2017
31,1,M.C.G.,25-Mar-2017,Sat,7:25,78294,Essendon,4.4.28,5.8.38,12.12.84,17.14.116,Hawthorn,2.3.15,6.10.46,10.14.74,12.19.91,Shane McInerney , Rob Findlay , Nick Foot ,441,166,80,,,2017
32,11,Docklands,3-Jun-2017,Sat,7:25,36100,North Melbourne,2.4.16,7.6.48,8.9.57,9.12.66,Richmond,3.4.22,6.10.46,12.13.85,14.17.101,Nick Foot , Brett Rosebury , Brendan Hosking ,90,358,96,,,2017
33,21,M.C.G.,13-Aug-2017,Sun,1:10,53115,Melbourne,6.3.39,9.6.60,10.9.69,14.12.96,St Kilda,1.1.7,4.4.28,8.11.59,10.12.72,Andrew Stephens , Ray Chamberlain , Shaun Ryan ,71,261,275,,,2017
34,2,M.C.G.,30-Mar-2017,Thu,7:20,58236,Richmond,2.4.16,3.5.23,9.8.62,14.15.99,Collingwood,2.4.16,4.9.33,7.13.55,11.14.80,Curtis Deboy , Justin Schmitt , Chris Kamolins ,33,328,191,,,2017
35,5,M.C.G.,23-Apr-2017,Sun,4:40,28997,Hawthorn,3.4.22,9.8.62,12.9.81,19.11.125,West Coast,2.2.14,5.5.35,7.8.50,11.9.75,Nick Foot , Craig Fleer , Troy Pannell ,84,62,192,,,2017
36,16,Adelaide Oval,7-Jul-2017,Fri,7:20,41948,Adelaide,2.2.14,5.5.35,12.5.77,16.8.104,Western Bulldogs,2.4.16,4.8.32,4.11.35,5.15.45,Ray Chamberlain , Craig Fleer , Simon Meredith ,256,72,304,,,2017
37,19,Docklands,29-Jul-2017,Sat,7:25,35460,Carlton,3.0.18,4.3.27,5.8.38,8.10.58,Geelong,5.7.37,9.10.64,13.12.90,18.15.123,Leigh Haussen , Ray Chamberlain , Jacob Mollison ,11,259,187,,,2017
38,7,Bellerive Oval,6-May-2017,Sat,1:45,10064,North Melbourne,10.4.64,12.6.78,17.12.114,22.13.145,Adelaide,0.0.0,5.6.36,9.7.61,13.8.86,Ray Chamberlain , Craig Fleer , Jacob Mollison ,248,64,174,,,2017
39,7,Docklands,6-May-2017,Sat,7:25,46387,Western Bulldogs,1.1.7,4.6.30,8.11.59,11.14.80,Richmond,5.3.33,7.6.48,9.7.61,11.9.75,Curtis Deboy , Simon Meredith , Shaun Ryan ,38,295,265,,,2017
40,19,Sydney Showground,29-Jul-2017,Sat,2:10,11233,Greater Western Sydney,3.5.23,6.7.43,8.11.59,13.20.98,Fremantle,3.3.21,6.6.42,11.8.74,13.8.86,Mathew Nicholls , Justin Schmitt , Brent Wallace ,301,342,32,,,2017
41,5,M.C.G.,24-Apr-2017,Mon,7:25,85657,Richmond,3.1.19,6.6.42,7.11.53,12.16.88,Melbourne,3.4.22,7.6.48,11.7.73,11.9.75,Chris Donlon , Leigh Fisher , Matt Stevic ,249,78,310,,,2017
42,4,M.C.G.,17-Apr-2017,Mon,3:20,62360,Hawthorn,2.0.12,2.6.18,4.10.34,6.12.48,Geelong,2.7.19,5.12.42,9.14.68,20.14.134,Chris Donlon , Ray Chamberlain , Andrew Stephens ,248,247,55,,,2017
43,2,Adelaide Oval,2-Apr-2017,Sun,4:10,38388,Port Adelaide,7.3.45,11.8.74,18.9.117,22.13.145,Fremantle,2.1.13,3.3.21,7.4.46,8.8.56,Ben Ryan , Craig Fleer , Ray Chamberlain ,103,61,245,,,2017
44,17,Sydney Showground,15-Jul-2017,Sat,7:25,21924,Greater Western Sydney,2.4.16,5.6.36,8.8.56,12.11.83,Sydney,4.4.28,7.5.47,10.9.69,14.12.96,Jeff Dalgleish , David Harris , Troy Pannell ,159,86,199,,,2017
45,7,S.C.G.,7-May-2017,Sun,1:10,25619,Sydney,7.5.47,12.10.82,17.13.115,20.15.135,Brisbane Lions,2.0.12,6.2.38,9.5.59,12.9.81,Leigh Fisher , Dean Margetts , Jeff Dalgleish ,80,284,148,,,2017
46,14,M.C.G.,25-Jun-2017,Sun,3:20,64448,Richmond,3.3.21,5.10.40,7.13.55,11.18.84,Carlton,4.1.25,4.2.26,6.6.42,8.10.58,Matt Stevic , Nathan Williamson , Shane McInerney ,318,13,454,,,2017
47,19,Carrara,29-Jul-2017,Sat,7:25,16207,Gold Coast,4.2.26,5.3.33,8.4.52,10.5.65,Richmond,3.4.22,8.8.56,11.11.77,14.14.98,Chris Donlon , Hayden Gavine , Craig Fleer ,263,6,75,,,2017
48,15,M.C.G.,30-Jun-2017,Fri,7:50,47464,Melbourne,4.0.24,4.1.25,5.4.34,7.8.50,Sydney,1.8.14,5.15.45,8.16.64,11.19.85,Leigh Fisher , Matt Stevic , Shane McInerney ,88,319,455,,,2017
49,12,Docklands,11-Jun-2017,Sun,3:20,23194,Carlton,4.1.25,7.4.46,8.7.55,10.11.71,Greater Western Sydney,2.6.18,5.8.38,7.9.51,9.16.70,Jeff Dalgleish , Rob OGorman , Mathew Nicholls ,154,56,294,,,2017
50,17,M.C.G.,16-Jul-2017,Sun,3:20,35157,Carlton,3.2.20,4.4.28,6.6.42,9.8.62,Western Bulldogs,2.4.16,7.7.49,10.8.68,12.10.82,Andrew Stephens , Chris Kamolins , Shane McInerney ,67,202,457,,,2017
51,9,Gabba,20-May-2017,Sat,7:25,13802,Brisbane Lions,3.6.24,4.11.35,5.12.42,7.18.60,Adelaide,3.3.21,10.5.65,17.9.111,21.14.140,Curtis Deboy , Chris Kamolins , David Harris ,40,198,78,,,2017
52,6,Docklands,30-Apr-2017,Sun,1:10,44040,Essendon,2.2.14,4.8.32,6.12.48,10.14.74,Melbourne,2.4.16,4.6.30,12.9.81,17.10.112,Leigh Haussen , Mathew Nicholls , Sam Hay ,3,287,144,,,2017
53,2,M.C.G.,1-Apr-2017,Sat,1:45,37420,Hawthorn,6.2.38,8.3.51,11.10.76,13.11.89,Adelaide,2.2.14,5.8.38,11.14.80,16.17.113,Andrew Mitchell , Mathew Nicholls , Dean Margetts ,86,283,279,,,2017
54,3,Docklands,9-Apr-2017,Sun,1:10,23097,St Kilda,4.4.28,7.10.52,9.16.70,14.23.107,Brisbane Lions,1.2.8,5.4.34,9.8.62,11.10.76,David Harris , Rob OGorman , Chris Donlon ,73,49,247,,,2017
55,9,M.C.G.,21-May-2017,Sun,3:20,33218,Melbourne,2.5.17,8.7.55,9.9.63,13.12.90,North Melbourne,6.7.43,8.9.57,12.13.85,15.14.104,Mathew Nicholls , Brendan Hosking , Sam Hay ,290,94,147,,,2017
56,8,M.C.G.,13-May-2017,Sat,7:25,57172,Essendon,6.2.38,9.4.58,14.7.91,17.8.110,Geelong,1.5.11,3.8.26,7.9.51,13.15.93,Shane McInerney , Justin Schmitt , Leigh Fisher ,448,333,81,,,2017
57,20,Gabba,5-Aug-2017,Sat,4:35,16148,Brisbane Lions,2.2.14,7.6.48,11.9.75,13.11.89,Western Bulldogs,6.6.42,8.11.59,8.16.64,14.19.103,David Harris , Scott Jeffery , Brent Wallace ,89,321,33,,,2017
58,1,Docklands,26-Mar-2017,Sun,1:10,21997,North Melbourne,4.6.30,8.8.56,11.10.76,13.15.93,West Coast,3.3.21,9.8.62,16.8.104,21.10.136,Andrew Mitchell , Mathew Nicholls , Dean Margetts ,85,282,278,,,2017
59,1,S.C.G.,25-Mar-2017,Sat,4:35,33129,Sydney,4.3.27,8.5.53,10.6.66,12.10.82,Port Adelaide,4.2.26,9.3.57,14.4.88,17.8.110,Jacob Mollison , Shaun Ryan , Brendan Hosking ,168,259,86,,,2017
60,7,Adelaide Oval,6-May-2017,Sat,4:05,38333,Port Adelaide,2.3.15,5.7.37,7.13.55,12.15.87,West Coast,4.1.25,7.3.45,12.4.76,15.7.97,Chris Donlon , Matt Stevic , Andrew Mitchell ,251,312,91,,,2017
61,3,Adelaide Oval,8-Apr-2017,Sat,7:10,53698,Port Adelaide,4.6.30,6.6.42,9.8.62,12.11.83,Adelaide,3.3.21,7.9.51,11.10.76,15.10.100,Nathan Williamson , Simon Meredith , Jeff Dalgleish ,3,291,144,,,2017
62,16,M.C.G.,9-Jul-2017,Sun,3:20,47266,Carlton,4.3.27,7.5.47,9.8.62,12.10.82,Melbourne,1.2.8,7.4.46,11.5.71,14.6.90,Curtis Deboy , Nathan Williamson , Shaun Ryan ,46,15,271,,,2017
63,10,Subiaco,28-May-2017,Sun,2:40,37057,West Coast,5.0.30,6.2.38,9.3.57,14.6.90,Greater Western Sydney,2.4.16,4.7.31,8.12.60,14.14.98,Dean Margetts , Mathew Nicholls , Craig Fleer ,285,291,66,,,2017
64,8,Sydney Showground,13-May-2017,Sat,4:35,11360,Greater Western Sydney,2.2.14,8.5.53,12.8.80,15.12.102,Collingwood,6.4.40,8.6.54,12.7.79,15.9.99,Nathan Williamson , Ray Chamberlain , David Harris ,8,249,77,,,2017
65,15,Adelaide Oval,1-Jul-2017,Sat,7:10,39979,Port Adelaide,1.6.12,5.11.41,6.14.50,8.15.63,Richmond,1.4.10,3.8.26,7.10.52,11.10.76,Justin Schmitt , Ben Ryan , Jacob Mollison ,340,115,183,,,2017
66,14,Subiaco,24-Jun-2017,Sat,5:40,36622,West Coast,2.5.17,5.7.37,11.10.76,14.12.96,Melbourne,3.1.19,6.6.42,10.8.68,15.9.99,Brett Rosebury , Andrew Stephens , Andrew Mitchell ,362,64,95,,,2017
67,16,M.C.G.,8-Jul-2017,Sat,2:10,63537,Collingwood,2.3.15,4.6.30,9.7.61,12.8.80,Essendon,5.0.30,9.3.57,13.6.84,18.9.117,Leigh Fisher , Brett Rosebury , Rob Findlay ,89,364,182,,,2017
68,5,Docklands,22-Apr-2017,Sat,1:45,31822,Western Bulldogs,3.7.25,5.13.43,9.18.72,17.20.122,Brisbane Lions,5.0.30,12.3.75,12.5.77,14.6.90,Leigh Haussen , Sam Hay , Nathan Williamson ,2,143,5,,,2017
69,Semi,M.C.G.,15-Sep-2017,Fri,7:50,55529,Geelong,3.1.19,9.4.58,13.4.82,15.8.98,Sydney,2.2.14,3.4.22,4.9.33,5.9.39,Brett Rosebury , Mathew Nicholls , Simon Meredith ,371,307,313,,,2017
70,4,Subiaco,13-Apr-2017,Thu,6:10,38065,West Coast,2.2.14,5.9.39,9.10.64,13.13.91,Sydney,2.2.14,4.3.27,7.4.46,10.5.65,Jeff Dalgleish , Nick Foot , Scott Jeffery ,145,83,313,,,2017
71,18,Subiaco,22-Jul-2017,Sat,5:40,30818,Fremantle,2.0.12,3.4.22,5.5.35,7.6.48,Hawthorn,4.3.27,6.6.42,9.9.63,15.10.100,Dean Margetts , Jeff Dalgleish , Ben Ryan ,293,160,118,,,2017
72,13,Carrara,17-Jun-2017,Sat,7:25,11936,Gold Coast,1.1.7,3.2.20,7.6.48,11.7.73,Carlton,4.4.28,6.8.44,7.9.51,12.11.83,Simon Meredith , David Harris , Ben Ryan ,301,82,113,,,2017
73,19,M.C.G.,28-Jul-2017,Fri,7:50,52181,Hawthorn,4.3.27,8.6.54,8.8.56,10.12.72,Sydney,2.7.19,4.9.33,6.10.46,9.12.66,Matt Stevic , Nathan Williamson , Shane McInerney ,323,18,459,,,2017
74,17,M.C.G.,15-Jul-2017,Sat,1:45,70345,Geelong,3.3.21,6.7.43,11.9.75,13.10.88,Hawthorn,3.2.20,7.6.48,9.10.64,12.13.85,Ray Chamberlain , Simon Meredith , Craig Fleer ,257,305,73,,,2017
75,19,Docklands,30-Jul-2017,Sun,1:10,48754,Western Bulldogs,5.4.34,8.9.57,15.10.100,19.13.127,Essendon,4.5.29,7.10.52,11.15.81,13.19.97,Brendan Hosking , Shaun Ryan , Andrew Mitchell ,104,274,100,,,2017
76,8,Docklands,14-May-2017,Sun,4:40,21589,North Melbourne,3.3.21,7.5.47,8.8.56,11.12.78,Sydney,5.2.32,11.7.73,15.9.99,18.12.120,Troy Pannell , Ben Ryan , Andrew Stephens ,195,109,59,,,2017
77,13,Subiaco,15-Jun-2017,Thu,6:10,35719,West Coast,4.3.27,7.9.51,8.14.62,11.17.83,Geelong,1.2.8,2.3.15,5.6.36,10.10.70,Chris Donlon , Jeff Dalgleish , Matt Stevic ,257,155,317,,,2017
78,21,Kardinia Park,12-Aug-2017,Sat,2:10,32266,Geelong,3.2.20,8.5.53,8.9.57,11.14.80,Richmond,3.4.22,4.5.29,7.9.51,9.12.66,Matt Stevic , Simon Meredith , Andrew Mitchell ,325,309,102,,,2017
79,21,Docklands,11-Aug-2017,Fri,7:50,30672,Western Bulldogs,3.1.19,6.7.43,6.12.48,7.15.57,Greater Western Sydney,4.5.29,7.5.47,13.8.86,16.9.105,Dean Margetts , Justin Schmitt , Jacob Mollison ,296,344,189,,,2017
80,23,Kardinia Park,26-Aug-2017,Sat,7:25,30087,Geelong,5.3.33,6.7.43,12.11.83,15.13.103,Greater Western Sydney,3.1.19,5.6.36,6.7.43,8.11.59,Justin Schmitt , Simon Meredith , Shane McInerney ,346,311,463,,,2017
81,Elimination,S.C.G.,9-Sep-2017,Sat,4:20,46323,Sydney,3.2.20,13.5.83,17.5.107,19.7.121,Essendon,1.3.9,3.4.22,5.8.38,8.8.56,Brendan Hosking , Ray Chamberlain , Simon Meredith ,109,264,312,,,2017
82,18,M.C.G.,23-Jul-2017,Sun,1:10,33467,Richmond,0.2.2,4.6.30,8.8.56,9.10.64,Greater Western Sydney,3.4.22,3.5.23,4.5.29,6.9.45,Brett Rosebury , Andrew Mitchell , Jacob Mollison ,366,99,186,,,2017
83,23,Docklands,27-Aug-2017,Sun,1:10,42665,Essendon,4.3.27,8.5.53,14.8.92,16.11.107,Fremantle,3.1.19,5.3.33,9.6.60,14.8.92,Chris Kamolins , Ben Ryan , Jacob Mollison ,207,122,191,,,2017
84,16,S.C.G.,8-Jul-2017,Sat,4:35,32987,Sydney,4.3.27,10.5.65,14.10.94,17.16.118,Gold Coast,5.2.32,5.6.36,5.6.36,7.9.51,Dean Margetts , Rob OGorman , Mathew Nicholls ,291,60,298,,,2017
85,16,York Park,8-Jul-2017,Sat,1:45,12156,Hawthorn,5.2.32,6.6.42,11.12.78,14.13.97,Greater Western Sydney,5.1.31,8.3.51,10.3.63,15.7.97,Matt Stevic , Andrew Stephens , Andrew Mitchell ,320,66,97,,,2017
86,18,Cazaly's Stadium,22-Jul-2017,Sat,4:35,9364,Western Bulldogs,4.4.28,7.6.48,10.9.69,16.14.110,Gold Coast,3.2.20,4.4.28,8.7.55,8.8.56,Hayden Gavine , Chris Kamolins , Nathan Williamson ,5,203,17,,,2017
87,12,Adelaide Oval,9-Jun-2017,Fri,7:20,46082,Adelaide,5.6.36,8.9.57,11.11.77,16.15.111,St Kilda,1.1.7,2.4.16,3.10.28,7.12.54,Brett Rosebury , Brendan Hosking , Justin Schmitt ,359,97,337,,,2017
88,18,S.C.G.,22-Jul-2017,Sat,7:25,35773,Sydney,3.5.23,7.8.50,11.14.80,14.17.101,St Kilda,1.2.8,3.2.20,5.4.34,9.5.59,Andrew Stephens , Rob Findlay , Shane McInerney ,68,184,458,,,2017
89,23,Adelaide Oval,26-Aug-2017,Sat,7:10,34288,Port Adelaide,2.3.15,9.6.60,14.12.96,20.15.135,Gold Coast,2.1.13,2.1.13,2.1.13,3.2.20,Rob Findlay , David Harris , Craig Fleer ,188,91,77,,,2017
90,Preliminary,M.C.G.,23-Sep-2017,Sat,4:45,94258,Richmond,4.3.27,5.7.37,11.11.77,15.13.103,Greater Western Sydney,3.3.21,5.6.36,6.10.46,9.13.67,Mathew Nicholls , Simon Meredith , Shaun Ryan ,308,314,280,,,2017
91,6,M.C.G.,30-Apr-2017,Sun,3:20,46457,Geelong,3.1.19,5.4.34,8.7.55,11.12.78,Collingwood,3.5.23,7.9.51,13.12.90,15.17.107,Craig Fleer , Scott Jeffery , Jacob Mollison ,63,315,173,,,2017
92,21,Subiaco,12-Aug-2017,Sat,5:40,30491,West Coast,4.0.24,9.2.56,10.4.64,15.10.100,Carlton,3.3.21,3.7.25,9.10.64,12.11.83,Hayden Gavine , Scott Jeffery , Shane McInerney ,8,322,461,,,2017
93,8,Jiangwan Stadium,14-May-2017,Sun,1:15,10118,Gold Coast,1.1.7,3.5.23,4.9.33,4.14.38,Port Adelaide,4.4.28,10.5.65,13.10.88,16.14.110,Sam Hay , Brendan Hosking , Mathew Nicholls ,146,93,289,,,2017
94,17,Marrara Oval,15-Jul-2017,Sat,7:10,12104,Melbourne,1.3.9,5.3.33,9.7.61,10.10.70,Adelaide,7.2.44,11.6.72,12.11.83,17.14.116,Chris Donlon , Brett Rosebury , Ben Ryan ,261,365,117,,,2017
95,9,Docklands,21-May-2017,Sun,1:10,36403,Essendon,5.2.32,12.8.80,16.10.106,19.11.125,West Coast,2.4.16,3.7.25,5.13.43,8.16.64,Simon Meredith , Shaun Ryan , Eleni Glouftsis ,297,267,1,,,2017
96,14,Docklands,24-Jun-2017,Sat,7:25,28263,Western Bulldogs,6.4.40,10.8.68,13.14.92,15.17.107,North Melbourne,3.4.22,7.5.47,12.7.79,16.10.106,Chris Donlon , Rob OGorman , Rob Findlay ,258,58,180,,,2017
97,10,M.C.G.,27-May-2017,Sat,7:25,85656,Richmond,4.4.28,6.9.45,9.12.66,11.15.81,Essendon,6.0.36,8.1.49,10.3.63,10.6.66,Jeff Dalgleish , Matt Stevic , Curtis Deboy ,151,315,41,,,2017
98,4,Docklands,16-Apr-2017,Sun,3:20,36650,Collingwood,2.6.18,3.7.25,5.8.38,7.13.55,St Kilda,1.3.9,4.7.31,8.12.60,9.15.69,Mathew Nicholls , Sam Hay , Shane McInerney ,285,142,444,,,2017
99,15,Sydney Showground,1-Jul-2017,Sat,7:25,15007,Greater Western Sydney,3.1.19,5.3.33,7.5.47,10.8.68,Geelong,3.1.19,6.5.41,9.6.60,10.8.68,Ray Chamberlain , Simon Meredith , Craig Fleer ,255,303,71,,,2017
100,6,Adelaide Oval,30-Apr-2017,Sun,4:10,51069,Adelaide,5.0.30,11.6.72,18.11.119,21.14.140,Richmond,6.3.39,7.3.45,8.3.51,10.4.64,Brett Rosebury , Andrew Stephens , Brendan Hosking ,353,57,91,,,2017
101,19,Bellerive Oval,29-Jul-2017,Sat,1:45,13939,North Melbourne,4.4.28,6.4.40,9.8.62,11.10.76,Melbourne,2.0.12,8.5.53,8.8.56,10.12.72,Leigh Fisher , David Harris , Troy Pannell ,92,88,201,,,2017
102,21,S.C.G.,12-Aug-2017,Sat,1:45,39281,Sydney,8.2.50,13.6.84,17.7.109,22.11.143,Fremantle,1.1.7,1.3.9,4.5.29,5.9.39,Chris Donlon , Brendan Hosking , Brent Wallace ,265,106,34,,,2017
103,14,Docklands,25-Jun-2017,Sun,4:40,16844,St Kilda,3.6.24,8.11.59,10.14.74,14.19.103,Gold Coast,4.2.26,7.5.47,8.9.57,10.12.72,Hayden Gavine , Mathew Nicholls , Brendan Hosking ,1,296,100,,,2017
104,18,Gabba,23-Jul-2017,Sun,4:40,18847,Brisbane Lions,6.1.37,12.5.77,13.7.85,17.10.112,Carlton,0.4.4,3.6.24,7.13.55,11.16.82,Leigh Haussen , Rob OGorman , Sam Hay ,10,62,156,,,2017
105,7,M.C.G.,7-May-2017,Sun,3:20,38693,Melbourne,1.1.7,4.2.26,11.6.72,14.7.91,Hawthorn,5.4.34,8.7.55,11.7.73,14.10.94,Chris Kamolins , Ben Ryan , Scott Jeffery ,196,108,316,,,2017
106,11,Sydney Showground,3-Jun-2017,Sat,4:35,13671,Greater Western Sydney,3.3.21,10.5.65,15.5.95,18.9.117,Essendon,5.3.33,7.7.49,10.10.70,15.11.101,Chris Donlon , Leigh Fisher , Rob OGorman ,255,84,55,,,2017
107,22,Carrara,19-Aug-2017,Sat,7:25,16817,Gold Coast,3.1.19,6.1.37,8.1.49,9.3.57,Essendon,4.2.26,6.8.44,8.11.59,12.18.90,Nick Foot , Matt Stevic , Rob OGorman ,94,326,65,,,2017
108,15,Docklands,2-Jul-2017,Sun,1:10,41246,Essendon,3.5.23,4.10.34,9.13.67,11.16.82,Brisbane Lions,1.3.9,4.5.29,7.6.48,13.12.90,Chris Donlon , Hayden Gavine , Scott Jeffery ,259,2,320,,,2017
109,15,Carrara,1-Jul-2017,Sat,4:35,12779,Gold Coast,6.3.39,11.5.71,13.6.84,18.10.118,North Melbourne,4.5.29,5.8.38,8.13.61,14.15.99,Leigh Haussen , Sam Hay , Shaun Ryan ,7,153,270,,,2017
110,22,Docklands,19-Aug-2017,Sat,7:25,35799,Carlton,4.4.28,6.4.40,10.4.64,12.5.77,Hawthorn,1.1.7,5.7.37,8.8.56,10.10.70,Andrew Stephens , Craig Fleer , Shane McInerney ,72,76,462,,,2017
111,21,Docklands,12-Aug-2017,Sat,7:25,38487,Essendon,2.2.14,5.4.34,9.7.61,12.8.80,Adelaide,5.3.33,10.6.66,14.9.93,18.15.123,Jeff Dalgleish , Nathan Williamson , Troy Pannell ,163,20,203,,,2017
112,1,M.C.G.,23-Mar-2017,Thu,7:20,73137,Carlton,4.3.27,7.4.46,12.4.76,14.5.89,Richmond,7.3.45,13.5.83,15.11.101,20.12.132,Sam Hay , Mathew Nicholls , Matt Stevic ,139,281,306,,,2017
113,9,Docklands,20-May-2017,Sat,1:45,29778,St Kilda,3.2.20,5.4.34,7.5.47,10.8.68,Sydney,4.2.26,7.3.45,12.8.80,18.10.118,Matt Stevic , Andrew Mitchell , Jacob Mollison ,314,93,176,,,2017
114,1,Adelaide Oval,26-Mar-2017,Sun,2:45,43993,Adelaide,2.3.15,7.9.51,15.14.104,22.15.147,Greater Western Sydney,4.5.29,6.7.43,11.7.73,14.7.91,Scott Jeffery , Andrew Stephens , Leigh Fisher ,310,52,74,,,2017
115,23,Docklands,25-Aug-2017,Fri,7:50,48090,Hawthorn,5.3.33,9.5.59,12.6.78,15.9.99,Western Bulldogs,4.2.26,7.4.46,10.7.67,13.12.90,Leigh Fisher , Jeff Dalgleish , Matt Stevic ,96,165,327,,,2017
116,2,M.C.G.,2-Apr-2017,Sun,3:20,46727,Melbourne,3.2.20,6.4.40,7.5.47,13.8.86,Carlton,2.2.14,4.6.30,7.8.50,9.10.64,Nathan Williamson , Simon Meredith , Jeff Dalgleish ,2,290,143,,,2017
117,16,Subiaco,9-Jul-2017,Sun,2:40,36766,West Coast,4.4.28,7.7.49,10.8.68,13.10.88,Port Adelaide,4.0.24,6.2.38,10.8.68,18.12.120,Jeff Dalgleish , David Harris , Troy Pannell ,158,85,198,,,2017
118,23,M.C.G.,27-Aug-2017,Sun,3:20,69104,Richmond,4.2.26,11.5.71,12.7.79,19.8.122,St Kilda,1.2.8,4.3.27,8.6.54,12.9.81,Chris Donlon , Mathew Nicholls , Brendan Hosking ,267,305,108,,,2017
119,9,Sydney Showground,20-May-2017,Sat,4:35,10677,Greater Western Sydney,1.2.8,4.5.29,6.9.45,11.12.78,Richmond,6.3.39,7.8.50,10.10.70,10.15.75,Leigh Fisher , Justin Schmitt , Rob Findlay ,82,334,174,,,2017
120,7,M.C.G.,6-May-2017,Sat,2:10,70279,Collingwood,1.3.9,3.5.23,7.6.48,8.8.56,Carlton,3.4.22,6.5.41,11.5.71,12.7.79,Nick Foot , Rob Findlay , Shane McInerney ,86,172,447,,,2017
121,11,Adelaide Oval,1-Jun-2017,Thu,7:20,37910,Port Adelaide,6.5.41,9.8.62,10.15.75,13.20.98,Hawthorn,0.0.0,0.3.3,3.4.22,7.5.47,Jeff Dalgleish , Ray Chamberlain , Rob Findlay ,152,252,176,,,2017
122,20,Adelaide Oval,6-Aug-2017,Sun,4:10,45028,Adelaide,1.9.15,5.15.45,12.18.90,18.22.130,Port Adelaide,1.1.7,1.3.9,4.4.28,7.4.46,Jeff Dalgleish , Matt Stevic , Andrew Stephens ,162,324,70,,,2017
123,10,Adelaide Oval,27-May-2017,Sat,7:10,42415,Adelaide,5.9.39,9.18.72,16.21.117,20.23.143,Fremantle,1.0.6,2.1.13,4.2.26,6.7.43,Nick Foot , Brendan Hosking , Shane McInerney ,89,95,450,,,2017
124,16,Gabba,8-Jul-2017,Sat,7:25,18769,Brisbane Lions,3.5.23,6.6.42,11.8.74,11.12.78,Geelong,5.2.32,15.6.96,20.9.129,25.13.163,Hayden Gavine , Sam Hay , Shane McInerney ,3,154,456,,,2017
125,10,Docklands,28-May-2017,Sun,3:20,32802,Carlton,2.0.12,7.2.44,12.4.76,15.6.96,North Melbourne,7.2.44,11.3.69,12.6.78,17.11.113,David Harris , Shaun Ryan , Ben Ryan ,79,268,110,,,2017
126,2,Subiaco,1-Apr-2017,Sat,4:40,37749,West Coast,4.0.24,8.3.51,13.5.83,18.8.116,St Kilda,6.7.43,8.12.60,12.17.89,13.19.97,David Harris , Rob OGorman , Chris Donlon ,72,48,246,,,2017
127,5,Adelaide Oval,21-Apr-2017,Fri,7:20,43120,Port Adelaide,5.3.33,8.6.54,14.16.100,20.17.137,Carlton,1.4.10,2.9.21,2.9.21,6.11.47,Brett Rosebury , Andrew Stephens , Brendan Hosking ,352,56,90,,,2017
128,11,Carrara,3-Jun-2017,Sat,1:45,11402,Gold Coast,2.5.17,5.10.40,9.10.64,11.14.80,West Coast,3.3.21,5.5.35,7.8.50,11.11.77,Andrew Stephens , Mathew Nicholls , Sam Hay ,61,292,149,,,2017
129,6,Manuka Oval,28-Apr-2017,Fri,7:50,14048,Greater Western Sydney,3.3.21,6.3.39,8.6.54,11.9.75,Western Bulldogs,2.4.16,6.12.48,7.17.59,9.19.73,Curtis Deboy , Simon Meredith , Shaun Ryan ,37,294,264,,,2017
130,Elimination,Adelaide Oval,9-Sep-2017,Sat,7:20,41172,West Coast,4.2.26,7.4.46,7.5.47,9.6.60,Port Adelaide,1.0.6,5.5.35,6.8.44,8.12.60,Chris Donlon , Curtis Deboy , Justin Schmitt ,268,54,347,12.6.78,10.16.76,2017
131,10,S.C.G.,26-May-2017,Fri,7:50,36221,Sydney,2.4.16,4.6.30,9.7.61,11.9.75,Hawthorn,5.1.31,8.3.51,10.6.66,12.9.81,Chris Donlon , Leigh Fisher , Brett Rosebury ,254,83,357,,,2017
132,11,Kardinia Park,2-Jun-2017,Fri,7:50,30468,Geelong,3.6.24,9.10.64,12.13.85,13.18.96,Adelaide,2.3.15,5.5.35,7.9.51,10.14.74,Chris Kamolins , Simon Meredith , David Harris ,200,299,80,,,2017
133,20,Subiaco,5-Aug-2017,Sat,5:40,27050,Fremantle,3.5.23,7.8.50,11.12.78,12.18.90,Gold Coast,4.0.24,5.4.34,8.7.55,10.7.67,Dean Margetts , Chris Kamolins , Eleni Glouftsis ,295,205,4,,,2017
134,8,Docklands,13-May-2017,Sat,2:10,38014,St Kilda,4.3.27,6.5.41,9.8.62,12.13.85,Carlton,4.0.24,6.1.37,9.3.57,10.6.66,Simon Meredith , Chris Donlon , Nick Foot ,296,252,87,,,2017
135,14,S.C.G.,23-Jun-2017,Fri,7:50,34575,Sydney,2.5.17,5.11.41,8.17.65,11.20.86,Essendon,2.4.16,4.9.33,7.11.53,12.13.85,Justin Schmitt , Craig Fleer , Jacob Mollison ,339,70,182,,,2017
136,3,Docklands,8-Apr-2017,Sat,4:35,29733,Geelong,5.2.32,9.2.56,14.2.86,20.6.126,Melbourne,2.4.16,7.11.53,12.17.89,13.19.97,Jacob Mollison , Shaun Ryan , Brendan Hosking ,170,261,88,,,2017
137,13,Adelaide Oval,17-Jun-2017,Sat,4:05,31772,Port Adelaide,5.6.36,8.9.57,14.10.94,18.13.121,Brisbane Lions,3.3.21,6.6.42,10.6.66,12.9.81,Dean Margetts , Curtis Deboy , Andrew Stephens ,288,43,63,,,2017
138,8,M.C.G.,14-May-2017,Sun,1:10,31200,Richmond,2.1.13,5.1.31,5.5.35,10.10.70,Fremantle,2.3.15,5.6.36,9.11.65,10.12.72,Jacob Mollison , Curtis Deboy , Brett Rosebury ,175,39,355,,,2017
139,22,Sydney Showground,19-Aug-2017,Sat,4:35,15751,Greater Western Sydney,2.1.13,7.4.46,8.6.54,12.9.81,West Coast,3.1.19,6.3.39,8.5.53,9.6.60,Justin Schmitt , Nathan Williamson , Shaun Ryan ,345,21,276,,,2017
140,8,Subiaco,12-May-2017,Fri,6:10,38934,West Coast,4.2.26,8.6.54,9.10.64,9.15.69,Western Bulldogs,1.4.10,5.7.37,6.11.47,8.13.61,Rob Findlay , Matt Stevic , Jeff Dalgleish ,173,313,149,,,2017
141,6,Docklands,29-Apr-2017,Sat,7:25,15431,North Melbourne,3.4.22,7.8.50,12.9.81,16.11.107,Gold Coast,4.4.28,7.6.48,11.8.74,14.10.94,Chris Donlon , Nathan Williamson , Troy Pannell ,250,6,193,,,2017
142,2,Docklands,31-Mar-2017,Fri,7:50,42834,Western Bulldogs,2.6.18,7.7.49,12.11.83,16.14.110,Sydney,4.1.25,6.5.41,9.7.61,13.9.87,Jacob Mollison , Shaun Ryan , Brendan Hosking ,169,260,87,,,2017
143,4,Docklands,15-Apr-2017,Sat,7:25,24968,Carlton,2.4.16,6.6.42,7.7.49,12.10.82,Gold Coast,3.0.18,6.1.37,13.3.81,17.6.108,Leigh Fisher , Brendan Hosking , Dean Margetts ,77,89,281,,,2017
144,15,Subiaco,2-Jul-2017,Sun,2:40,30541,Fremantle,4.3.27,7.5.47,10.7.67,12.8.80,St Kilda,1.5.11,6.8.44,8.14.62,12.17.89,Dean Margetts , Curtis Deboy , Nathan Williamson ,290,45,14,,,2017
145,15,M.C.G.,1-Jul-2017,Sat,2:10,33433,Carlton,1.0.6,5.1.31,8.2.50,12.5.77,Adelaide,4.0.24,6.1.37,9.7.61,13.11.89,Jeff Dalgleish , David Harris , Troy Pannell ,157,84,197,,,2017
146,4,Gabba,16-Apr-2017,Sun,4:40,21669,Brisbane Lions,3.2.20,4.3.27,8.6.54,10.7.67,Richmond,5.6.36,10.9.69,13.14.92,17.17.119,Jacob Mollison , Ben Ryan , Shaun Ryan ,171,105,262,,,2017
147,10,Traeger Park,27-May-2017,Sat,4:05,5072,Melbourne,2.1.13,4.8.32,9.10.64,18.14.122,Gold Coast,4.5.29,7.7.49,9.8.62,13.9.87,Nathan Williamson , Scott Jeffery , Eleni Glouftsis ,10,319,2,,,2017
148,3,Bellerive Oval,8-Apr-2017,Sat,1:45,8758,North Melbourne,3.2.20,5.4.34,8.6.54,10.7.67,Greater Western Sydney,3.4.22,6.11.47,9.15.69,15.19.109,Chris Kamolins , Justin Schmitt , Curtis Deboy ,192,329,34,,,2017
149,20,Kardinia Park,4-Aug-2017,Fri,7:50,30833,Geelong,2.3.15,5.6.36,7.8.50,8.13.61,Sydney,7.5.47,10.5.65,11.9.75,16.11.107,Chris Donlon , Mathew Nicholls , Brendan Hosking ,264,302,105,,,2017
150,11,Subiaco,4-Jun-2017,Sun,2:40,34259,Fremantle,2.1.13,5.5.35,10.6.66,12.13.85,Collingwood,3.5.23,7.9.51,11.13.79,15.15.105,Dean Margetts , Jeff Dalgleish , Ben Ryan ,286,153,112,,,2017
151,17,Adelaide Oval,15-Jul-2017,Sat,1:40,34138,Port Adelaide,8.1.49,11.4.70,14.9.93,19.13.127,North Melbourne,2.0.12,5.3.33,6.5.41,8.9.57,Hayden Gavine , Shaun Ryan , Andrew Mitchell ,4,272,98,,,2017
152,9,Subiaco,21-May-2017,Sun,2:40,30313,Fremantle,1.2.8,5.4.34,10.7.67,13.8.86,Carlton,4.4.28,5.6.36,6.9.45,7.9.51,Nick Foot , Jeff Dalgleish , Ray Chamberlain ,88,150,250,,,2017
153,5,S.C.G.,22-Apr-2017,Sat,7:25,34824,Sydney,4.1.25,4.4.28,8.7.55,9.9.63,Greater Western Sydney,5.5.35,9.6.60,11.11.77,15.15.105,Curtis Deboy , Simon Meredith , Shaun Ryan ,36,293,263,,,2017
154,18,Docklands,23-Jul-2017,Sun,3:20,22927,Collingwood,3.4.22,5.6.36,8.11.59,13.15.93,West Coast,4.2.26,7.3.45,12.5.77,13.7.85,Matt Stevic , Curtis Deboy , David Harris ,322,48,87,,,2017
155,12,S.C.G.,8-Jun-2017,Thu,7:20,20692,Sydney,2.2.14,5.8.38,9.14.68,12.16.88,Western Bulldogs,1.2.8,2.3.15,6.3.39,6.6.42,Mathew Nicholls , Sam Hay , Rob Findlay ,293,150,177,,,2017
156,19,M.C.G.,30-Jul-2017,Sun,3:20,33269,Collingwood,4.3.27,9.6.60,12.9.81,15.13.103,Adelaide,2.1.13,3.4.22,10.4.64,16.7.103,Dean Margetts , Simon Meredith , Ben Ryan ,294,307,119,,,2017
157,16,Docklands,8-Jul-2017,Sat,7:25,47514,St Kilda,5.3.33,14.8.92,19.8.122,21.12.138,Richmond,1.3.9,1.4.10,4.9.33,10.11.71,Justin Schmitt , Ben Ryan , Jacob Mollison ,341,116,184,,,2017
158,18,Docklands,22-Jul-2017,Sat,1:45,40359,Essendon,4.2.26,8.3.51,13.8.86,20.12.132,North Melbourne,4.4.28,8.5.53,12.7.79,16.9.105,Leigh Fisher , Craig Fleer , Troy Pannell ,91,74,200,,,2017
159,21,Gabba,12-Aug-2017,Sat,4:35,17772,Brisbane Lions,3.2.20,9.4.58,15.6.96,22.10.142,Gold Coast,6.5.41,8.9.57,9.9.63,12.12.84,Rob OGorman , Mathew Nicholls , Ben Ryan ,64,303,121,,,2017
160,20,M.C.G.,6-Aug-2017,Sun,3:20,58342,Richmond,5.4.34,6.8.44,9.10.64,13.15.93,Hawthorn,1.3.9,2.5.17,4.8.32,9.10.64,Leigh Fisher , Justin Schmitt , Rob Findlay ,93,343,186,,,2017
161,14,Gabba,24-Jun-2017,Sat,4:35,11455,Brisbane Lions,2.4.16,4.5.29,7.10.52,12.14.86,Greater Western Sydney,3.3.21,9.8.62,18.11.119,22.14.146,Leigh Haussen , Curtis Deboy , Ray Chamberlain ,6,44,254,,,2017
162,16,Docklands,9-Jul-2017,Sun,1:10,19267,North Melbourne,1.2.8,6.3.39,8.4.52,12.10.82,Fremantle,4.3.27,9.4.58,9.6.60,13.8.86,Chris Donlon , Leigh Haussen , Brendan Hosking ,260,8,101,,,2017
163,3,M.C.G.,9-Apr-2017,Sun,3:20,48022,Carlton,1.5.11,3.10.28,5.14.44,7.15.57,Essendon,3.1.19,4.3.27,6.4.40,6.6.42,Scott Jeffery , Troy Pannell , Leigh Fisher ,312,190,76,,,2017
164,1,M.C.G.,24-Mar-2017,Fri,7:50,66254,Collingwood,1.5.11,7.9.51,9.11.65,12.14.86,Western Bulldogs,5.1.31,9.1.55,14.6.90,15.10.100,Chris Kamolins , Justin Schmitt , Curtis Deboy ,190,327,32,,,2017
165,22,M.C.G.,20-Aug-2017,Sun,1:10,30422,Melbourne,3.3.21,6.6.42,11.8.74,16.8.104,Brisbane Lions,2.3.15,6.3.39,9.5.59,14.7.91,Brett Rosebury , Hayden Gavine , Jacob Mollison ,368,9,190,,,2017
166,22,Docklands,20-Aug-2017,Sun,3:20,29126,St Kilda,4.3.27,8.14.62,14.17.101,18.19.127,North Melbourne,5.2.32,6.3.39,8.5.53,12.6.78,Dean Margetts , Chris Kamolins , Brent Wallace ,297,206,35,,,2017
167,18,Adelaide Oval,21-Jul-2017,Fri,7:20,50464,Adelaide,5.2.32,9.5.59,13.9.87,13.13.91,Geelong,1.4.10,4.6.30,7.8.50,10.10.70,Brendan Hosking , Ray Chamberlain , Shaun Ryan ,103,258,273,,,2017
168,2,Gabba,1-Apr-2017,Sat,6:25,21749,Brisbane Lions,3.2.20,5.6.36,11.9.75,12.12.84,Essendon,4.2.26,10.5.65,12.8.80,17.9.111,Scott Jeffery , Andrew Stephens , Leigh Fisher ,311,53,75,,,2017
169,18,M.C.G.,22-Jul-2017,Sat,2:10,27068,Melbourne,4.4.28,8.8.56,11.8.74,13.10.88,Port Adelaide,0.3.3,3.6.24,6.10.46,9.11.65,Chris Donlon , Mathew Nicholls , Simon Meredith ,262,300,306,,,2017
170,3,Subiaco,8-Apr-2017,Sat,5:40,28865,Fremantle,4.4.28,6.7.43,8.10.58,13.11.89,Western Bulldogs,1.3.9,5.6.36,10.12.72,10.13.73,Andrew Mitchell , Ben Ryan , Dean Margetts ,87,104,280,,,2017
171,23,Gabba,26-Aug-2017,Sat,2:10,15416,Brisbane Lions,5.0.30,5.5.35,8.9.57,11.13.79,North Melbourne,1.8.14,5.9.39,13.12.90,19.16.130,Nick Foot , Scott Jeffery , Brent Wallace ,95,324,36,,,2017
172,8,York Park,13-May-2017,Sat,1:45,10553,Hawthorn,4.3.27,7.7.49,11.11.77,17.11.113,Brisbane Lions,2.2.14,5.4.34,7.6.48,11.9.75,Andrew Mitchell , Scott Jeffery , Rob OGorman ,92,317,52,,,2017
173,2,Sydney Showground,1-Apr-2017,Sat,4:35,8022,Greater Western Sydney,7.4.46,10.8.68,16.12.108,24.16.160,Gold Coast,1.2.8,5.4.34,7.8.50,8.10.58,Shane McInerney , Rob Findlay , Nick Foot ,442,167,81,,,2017
174,Qualifying,M.C.G.,8-Sep-2017,Fri,7:50,95028,Richmond,2.4.16,3.7.25,6.10.46,13.13.91,Geelong,0.4.4,2.4.16,4.9.33,5.10.40,Matt Stevic , Mathew Nicholls , Shane McInerney ,328,306,464,,,2017
175,5,M.C.G.,25-Apr-2017,Tue,3:20,87685,Essendon,4.3.27,6.6.42,11.9.75,15.10.100,Collingwood,1.2.8,5.9.39,9.12.66,11.16.82,Dean Margetts , Mathew Nicholls , Chris Kamolins ,282,286,194,,,2017
176,Semi,Sydney Showground,16-Sep-2017,Sat,7:25,14865,Greater Western Sydney,5.4.34,9.7.61,15.10.100,19.11.125,West Coast,3.0.18,4.2.26,5.2.32,9.4.58,Matt Stevic , Justin Schmitt , Shaun Ryan ,329,348,279,,,2017
177,17,Docklands,14-Jul-2017,Fri,7:50,47156,St Kilda,0.2.2,2.6.18,4.11.35,7.15.57,Essendon,2.5.17,6.10.46,13.12.90,17.16.118,Dean Margetts , Rob OGorman , Mathew Nicholls ,292,61,299,,,2017
178,22,M.C.G.,19-Aug-2017,Sat,2:10,47889,Collingwood,6.1.37,7.2.44,9.4.58,9.5.59,Geelong,2.2.14,6.5.41,8.6.54,10.10.70,Mathew Nicholls , David Harris , Scott Jeffery ,304,90,323,,,2017
179,3,Carrara,9-Apr-2017,Sun,4:40,14728,Gold Coast,3.3.21,7.8.50,17.10.112,21.13.139,Hawthorn,2.3.15,3.6.24,6.10.46,7.11.53,Shane McInerney , Rob Findlay , Nick Foot ,443,168,82,,,2017
180,20,M.C.G.,5-Aug-2017,Sat,2:10,58562,Essendon,5.5.35,5.8.38,7.14.56,11.18.84,Carlton,2.1.13,4.4.28,9.5.59,11.10.76,Leigh Haussen , Sam Hay , Simon Meredith ,12,157,308,,,2017
181,20,Manuka Oval,5-Aug-2017,Sat,1:45,14274,Greater Western Sydney,8.6.54,10.7.67,13.12.90,14.13.97,Melbourne,3.0.18,5.1.31,7.1.43,10.2.62,Ray Chamberlain , Nathan Williamson , Ben Ryan ,260,19,120,,,2017
182,10,M.C.G.,28-May-2017,Sun,1:10,32750,Collingwood,5.5.35,9.10.64,11.16.82,18.21.129,Brisbane Lions,4.3.27,6.3.39,10.6.66,13.6.84,Rob OGorman , Andrew Stephens , Ray Chamberlain ,54,60,251,,,2017
183,7,Subiaco,7-May-2017,Sun,2:40,33393,Fremantle,2.2.14,5.6.36,11.10.76,17.14.116,Essendon,4.3.27,7.7.49,11.12.78,11.13.79,Justin Schmitt , Nathan Williamson , Troy Pannell ,332,7,194,,,2017
184,14,Kardinia Park,25-Jun-2017,Sun,1:10,29928,Geelong,2.0.12,4.5.29,7.9.51,10.14.74,Fremantle,1.1.7,8.3.51,11.4.70,11.6.72,Sam Hay , David Harris , Nick Foot ,152,83,93,,,2017
185,14,Adelaide Oval,22-Jun-2017,Thu,7:20,45312,Adelaide,4.2.26,9.4.58,10.6.66,12.10.82,Hawthorn,4.2.26,6.4.40,9.7.61,14.12.96,Leigh Fisher , Dean Margetts , Simon Meredith ,87,289,302,,,2017
186,10,Kardinia Park,25-May-2017,Thu,7:20,24909,Geelong,1.5.11,6.8.44,9.14.68,11.15.81,Port Adelaide,3.1.19,5.6.36,9.9.63,11.13.79,Jacob Mollison , Chris Kamolins , Justin Schmitt ,177,199,335,,,2017
187,9,M.C.G.,20-May-2017,Sat,7:25,54252,Collingwood,0.1.1,4.6.30,9.11.65,13.12.90,Hawthorn,6.1.37,10.4.64,10.5.65,11.6.72,Chris Donlon , Brett Rosebury , Rob OGorman ,253,356,53,,,2017
188,12,Gabba,10-Jun-2017,Sat,4:35,11742,Brisbane Lions,6.0.36,11.3.69,15.11.101,18.13.121,Fremantle,2.2.14,6.7.43,7.7.49,9.10.64,Nick Foot , Matt Stevic , Nathan Williamson ,91,316,11,,,2017
189,12,M.C.G.,12-Jun-2017,Mon,3:20,70926,Melbourne,4.3.27,6.6.42,12.9.81,15.14.104,Collingwood,3.2.20,10.5.65,12.8.80,15.10.100,Brett Rosebury , Andrew Stephens , Shaun Ryan ,360,62,269,,,2017
190,1,Subiaco,26-Mar-2017,Sun,4:40,34638,Fremantle,2.2.14,4.6.30,6.9.45,10.13.73,Geelong,5.1.31,11.3.69,14.5.89,18.7.115,Nathan Williamson , Simon Meredith , Jeff Dalgleish ,1,289,142,,,2017
191,5,Carrara,22-Apr-2017,Sat,4:35,12672,Gold Coast,2.2.14,4.3.27,8.5.53,13.8.86,Adelaide,7.6.48,11.9.75,17.12.114,23.15.153,Rob Findlay , Rob OGorman , Andrew Mitchell ,170,51,89,,,2017
192,22,Subiaco,20-Aug-2017,Sun,2:40,34204,Fremantle,3.4.22,3.5.23,5.8.38,7.9.51,Richmond,3.0.18,11.2.68,18.5.113,25.5.155,Leigh Fisher , Jeff Dalgleish , Brendan Hosking ,95,164,107,,,2017
193,13,Docklands,18-Jun-2017,Sun,3:20,33667,Western Bulldogs,0.1.1,3.3.21,6.5.41,8.8.56,Melbourne,4.2.26,8.6.54,14.7.91,17.11.113,Nick Foot , Brett Rosebury , Brendan Hosking ,92,361,99,,,2017
194,Qualifying,Adelaide Oval,7-Sep-2017,Thu,7:20,52805,Adelaide,3.4.22,8.7.55,12.8.80,12.12.84,Greater Western Sydney,1.4.10,1.5.11,5.7.37,6.12.48,Jeff Dalgleish , Brett Rosebury , Shaun Ryan ,166,370,278,,,2017
195,23,Subiaco,27-Aug-2017,Sun,2:40,39367,West Coast,4.1.25,8.4.52,13.5.83,15.10.100,Adelaide,1.1.7,5.5.35,7.10.52,10.11.71,Dean Margetts , Nathan Williamson , Shaun Ryan ,298,22,277,,,2017
196,4,M.C.G.,15-Apr-2017,Sat,1:45,27829,Melbourne,2.5.17,9.7.61,9.10.64,15.14.104,Fremantle,3.2.20,6.4.40,13.8.86,16.10.106,David Harris , Andrew Mitchell , Matt Stevic ,74,88,309,,,2017
197,7,Carrara,6-May-2017,Sat,7:25,13648,Gold Coast,5.5.35,9.9.63,12.11.83,18.16.124,Geelong,3.1.19,7.3.45,10.7.67,15.9.99,Leigh Haussen , Mathew Nicholls , Sam Hay ,4,288,145,,,2017
198,19,Adelaide Oval,29-Jul-2017,Sat,4:05,30335,Port Adelaide,2.3.15,3.5.23,5.7.37,9.9.63,St Kilda,1.3.9,2.8.20,3.12.30,8.13.61,Andrew Stephens , Chris Kamolins , Rob Findlay ,69,204,185,,,2017
199,22,Adelaide Oval,18-Aug-2017,Fri,7:20,51466,Adelaide,2.2.14,5.5.35,8.10.58,11.14.80,Sydney,5.1.31,7.1.43,11.3.69,13.5.83,Chris Donlon , Curtis Deboy , Troy Pannell ,266,52,204,,,2017
200,6,M.C.G.,29-Apr-2017,Sat,2:10,32678,Carlton,1.3.9,5.4.34,10.7.67,15.7.97,Sydney,3.2.20,6.6.42,8.10.58,11.12.78,Rob Findlay , David Harris , Shane McInerney ,171,76,446,,,2017
201,12,Docklands,10-Jun-2017,Sat,7:25,34022,Essendon,7.6.48,12.9.81,14.13.97,19.17.131,Port Adelaide,1.3.9,4.5.29,7.7.49,8.13.61,Chris Donlon , Dean Margetts , Chris Kamolins ,256,287,201,,,2017
202,20,Docklands,6-Aug-2017,Sun,1:10,22688,St Kilda,3.2.20,7.5.47,10.7.67,15.13.103,West Coast,3.5.23,7.8.50,10.10.70,14.11.95,Shane McInerney , Andrew Mitchell , Jacob Mollison ,460,101,188,,,2017
203,1,Docklands,25-Mar-2017,Sat,4:35,36249,St Kilda,6.2.38,7.8.50,9.9.63,13.12.90,Melbourne,2.3.15,9.4.58,15.7.97,18.12.120,Ben Ryan , Craig Fleer , Ray Chamberlain ,102,60,244,,,2017
204,13,Docklands,16-Jun-2017,Fri,7:50,26107,North Melbourne,2.5.17,2.6.18,4.9.33,10.12.72,St Kilda,5.3.33,8.8.56,9.15.69,12.17.89,Leigh Fisher , Justin Schmitt , Craig Fleer ,86,338,69,,,2017
205,4,Manuka Oval,15-Apr-2017,Sat,4:35,9185,Greater Western Sydney,4.5.29,8.7.55,11.10.76,16.16.112,Port Adelaide,4.2.26,8.8.56,11.14.80,11.15.81,Brett Rosebury , Rob OGorman , Troy Pannell ,351,50,191,,,2017
206,4,Adelaide Oval,15-Apr-2017,Sat,7:10,47492,Adelaide,9.2.56,15.6.96,17.7.109,24.9.153,Essendon,3.2.20,7.2.44,10.9.69,13.10.88,Curtis Deboy , Chris Kamolins , Justin Schmitt ,35,193,330,,,2017
